ProductID,Product Name,Product Category,Product Subcategory,Product Line,Product Class,Product Style
711,"Sport-100 Helmet, Blue",Accessories,Helmets,Standard,Other,Unisex
876,Hitch Rack - 4-Bike,Accessories,Bike Racks,Standard,Other,Unisex
877,Bike Wash - Dissolver,Accessories,Cleaners,Standard,Other,Unisex
878,Fender Set - Mountain,Accessories,Fenders,Mountain,Other,Unisex
879,All-Purpose Bike Stand,Accessories,Bike Stands,Mountain,Other,Unisex
880,Hydration Pack - 70 oz.,Accessories,Hydration Packs,Standard,Other,Unisex
842,"Touring-Panniers, Large",Accessories,Panniers,Touring,Other,Unisex
843,Cable Lock,Accessories,Locks,Standard,Other,Unisex
844,Minipump,Accessories,Pumps,Standard,Other,Unisex
845,Mountain Pump,Accessories,Pumps,Mountain,Other,Unisex
846,Taillights - Battery-Powered,Accessories,Lights,Road,Other,Unisex
847,Headlights - Dual-Beam,Accessories,Lights,Road,Other,Unisex
848,Headlights - Weatherproof,Accessories,Lights,Road,Other,Unisex
928,LL Mountain Tire,Accessories,Tires and Tubes,Mountain,Low-end,Unisex
929,ML Mountain Tire,Accessories,Tires and Tubes,Mountain,Mid-range,Unisex
930,HL Mountain Tire,Accessories,Tires and Tubes,Mountain,High-end,Unisex
931,LL Road Tire,Accessories,Tires and Tubes,Road,Low-end,Unisex
932,ML Road Tire,Accessories,Tires and Tubes,Road,Mid-range,Unisex
933,HL Road Tire,Accessories,Tires and Tubes,Road,High-end,Unisex
934,Touring Tire,Accessories,Tires and Tubes,Touring,Other,Unisex
707,"Sport-100 Helmet, Red",Accessories,Helmets,Standard,Other,Unisex
708,"Sport-100 Helmet, Black",Accessories,Helmets,Standard,Other,Unisex
870,Water Bottle - 30 oz.,Accessories,Bottles and Cages,Standard,Other,Unisex
871,Mountain Bottle Cage,Accessories,Bottles and Cages,Mountain,Other,Unisex
872,Road Bottle Cage,Accessories,Bottles and Cages,Road,Other,Unisex
873,Patch Kit/8 Patches,Accessories,Tires and Tubes,Standard,Other,Unisex
921,Mountain Tire Tube,Accessories,Tires and Tubes,Mountain,Other,Unisex
922,Road Tire Tube,Accessories,Tires and Tubes,Road,Other,Unisex
923,Touring Tire Tube,Accessories,Tires and Tubes,Touring,Other,Unisex
997,"Road-750 Black, 44",Bikes,Road Bikes,Road,Low-end,Unisex
998,"Road-750 Black, 48",Bikes,Road Bikes,Road,Low-end,Unisex
999,"Road-750 Black, 52",Bikes,Road Bikes,Road,Low-end,Unisex
953,"Touring-2000 Blue, 60",Bikes,Touring Bikes,Touring,Mid-range,Unisex
954,"Touring-1000 Yellow, 46",Bikes,Touring Bikes,Touring,High-end,Unisex
955,"Touring-1000 Yellow, 50",Bikes,Touring Bikes,Touring,High-end,Unisex
956,"Touring-1000 Yellow, 54",Bikes,Touring Bikes,Touring,High-end,Unisex
957,"Touring-1000 Yellow, 60",Bikes,Touring Bikes,Touring,High-end,Unisex
958,"Touring-3000 Blue, 54",Bikes,Touring Bikes,Touring,Low-end,Unisex
959,"Touring-3000 Blue, 58",Bikes,Touring Bikes,Touring,Low-end,Unisex
960,"Touring-3000 Blue, 62",Bikes,Touring Bikes,Touring,Low-end,Unisex
961,"Touring-3000 Yellow, 44",Bikes,Touring Bikes,Touring,Low-end,Unisex
962,"Touring-3000 Yellow, 50",Bikes,Touring Bikes,Touring,Low-end,Unisex
963,"Touring-3000 Yellow, 54",Bikes,Touring Bikes,Touring,Low-end,Unisex
964,"Touring-3000 Yellow, 58",Bikes,Touring Bikes,Touring,Low-end,Unisex
965,"Touring-3000 Yellow, 62",Bikes,Touring Bikes,Touring,Low-end,Unisex
966,"Touring-1000 Blue, 46",Bikes,Touring Bikes,Touring,High-end,Unisex
967,"Touring-1000 Blue, 50",Bikes,Touring Bikes,Touring,High-end,Unisex
968,"Touring-1000 Blue, 54",Bikes,Touring Bikes,Touring,High-end,Unisex
969,"Touring-1000 Blue, 60",Bikes,Touring Bikes,Touring,High-end,Unisex
970,"Touring-2000 Blue, 46",Bikes,Touring Bikes,Touring,Mid-range,Unisex
971,"Touring-2000 Blue, 50",Bikes,Touring Bikes,Touring,Mid-range,Unisex
972,"Touring-2000 Blue, 54",Bikes,Touring Bikes,Touring,Mid-range,Unisex
973,"Road-350-W Yellow, 40",Bikes,Road Bikes,Road,Mid-range,Women
974,"Road-350-W Yellow, 42",Bikes,Road Bikes,Road,Mid-range,Women
975,"Road-350-W Yellow, 44",Bikes,Road Bikes,Road,Mid-range,Women
976,"Road-350-W Yellow, 48",Bikes,Road Bikes,Road,Mid-range,Women
977,"Road-750 Black, 58",Bikes,Road Bikes,Road,Low-end,Unisex
978,"Touring-3000 Blue, 44",Bikes,Touring Bikes,Touring,Low-end,Unisex
979,"Touring-3000 Blue, 50",Bikes,Touring Bikes,Touring,Low-end,Unisex
980,"Mountain-400-W Silver, 38",Bikes,Mountain Bikes,Mountain,Mid-range,Women
981,"Mountain-400-W Silver, 40",Bikes,Mountain Bikes,Mountain,Mid-range,Women
982,"Mountain-400-W Silver, 42",Bikes,Mountain Bikes,Mountain,Mid-range,Women
983,"Mountain-400-W Silver, 46",Bikes,Mountain Bikes,Mountain,Mid-range,Women
984,"Mountain-500 Silver, 40",Bikes,Mountain Bikes,Mountain,Low-end,Unisex
985,"Mountain-500 Silver, 42",Bikes,Mountain Bikes,Mountain,Low-end,Unisex
986,"Mountain-500 Silver, 44",Bikes,Mountain Bikes,Mountain,Low-end,Unisex
987,"Mountain-500 Silver, 48",Bikes,Mountain Bikes,Mountain,Low-end,Unisex
988,"Mountain-500 Silver, 52",Bikes,Mountain Bikes,Mountain,Low-end,Unisex
989,"Mountain-500 Black, 40",Bikes,Mountain Bikes,Mountain,Low-end,Unisex
990,"Mountain-500 Black, 42",Bikes,Mountain Bikes,Mountain,Low-end,Unisex
991,"Mountain-500 Black, 44",Bikes,Mountain Bikes,Mountain,Low-end,Unisex
992,"Mountain-500 Black, 48",Bikes,Mountain Bikes,Mountain,Low-end,Unisex
993,"Mountain-500 Black, 52",Bikes,Mountain Bikes,Mountain,Low-end,Unisex
749,"Road-150 Red, 62",Bikes,Road Bikes,Road,High-end,Unisex
750,"Road-150 Red, 44",Bikes,Road Bikes,Road,High-end,Unisex
751,"Road-150 Red, 48",Bikes,Road Bikes,Road,High-end,Unisex
752,"Road-150 Red, 52",Bikes,Road Bikes,Road,High-end,Unisex
753,"Road-150 Red, 56",Bikes,Road Bikes,Road,High-end,Unisex
754,"Road-450 Red, 58",Bikes,Road Bikes,Road,Mid-range,Unisex
755,"Road-450 Red, 60",Bikes,Road Bikes,Road,Mid-range,Unisex
756,"Road-450 Red, 44",Bikes,Road Bikes,Road,Mid-range,Unisex
757,"Road-450 Red, 48",Bikes,Road Bikes,Road,Mid-range,Unisex
758,"Road-450 Red, 52",Bikes,Road Bikes,Road,Mid-range,Unisex
759,"Road-650 Red, 58",Bikes,Road Bikes,Road,Low-end,Unisex
760,"Road-650 Red, 60",Bikes,Road Bikes,Road,Low-end,Unisex
761,"Road-650 Red, 62",Bikes,Road Bikes,Road,Low-end,Unisex
762,"Road-650 Red, 44",Bikes,Road Bikes,Road,Low-end,Unisex
763,"Road-650 Red, 48",Bikes,Road Bikes,Road,Low-end,Unisex
764,"Road-650 Red, 52",Bikes,Road Bikes,Road,Low-end,Unisex
765,"Road-650 Black, 58",Bikes,Road Bikes,Road,Low-end,Unisex
766,"Road-650 Black, 60",Bikes,Road Bikes,Road,Low-end,Unisex
767,"Road-650 Black, 62",Bikes,Road Bikes,Road,Low-end,Unisex
768,"Road-650 Black, 44",Bikes,Road Bikes,Road,Low-end,Unisex
769,"Road-650 Black, 48",Bikes,Road Bikes,Road,Low-end,Unisex
770,"Road-650 Black, 52",Bikes,Road Bikes,Road,Low-end,Unisex
771,"Mountain-100 Silver, 38",Bikes,Mountain Bikes,Mountain,High-end,Unisex
772,"Mountain-100 Silver, 42",Bikes,Mountain Bikes,Mountain,High-end,Unisex
773,"Mountain-100 Silver, 44",Bikes,Mountain Bikes,Mountain,High-end,Unisex
774,"Mountain-100 Silver, 48",Bikes,Mountain Bikes,Mountain,High-end,Unisex
775,"Mountain-100 Black, 38",Bikes,Mountain Bikes,Mountain,High-end,Unisex
776,"Mountain-100 Black, 42",Bikes,Mountain Bikes,Mountain,High-end,Unisex
777,"Mountain-100 Black, 44",Bikes,Mountain Bikes,Mountain,High-end,Unisex
778,"Mountain-100 Black, 48",Bikes,Mountain Bikes,Mountain,High-end,Unisex
779,"Mountain-200 Silver, 38",Bikes,Mountain Bikes,Mountain,High-end,Unisex
780,"Mountain-200 Silver, 42",Bikes,Mountain Bikes,Mountain,High-end,Unisex
781,"Mountain-200 Silver, 46",Bikes,Mountain Bikes,Mountain,High-end,Unisex
782,"Mountain-200 Black, 38",Bikes,Mountain Bikes,Mountain,High-end,Unisex
783,"Mountain-200 Black, 42",Bikes,Mountain Bikes,Mountain,High-end,Unisex
784,"Mountain-200 Black, 46",Bikes,Mountain Bikes,Mountain,High-end,Unisex
785,"Mountain-300 Black, 38",Bikes,Mountain Bikes,Mountain,Mid-range,Unisex
786,"Mountain-300 Black, 40",Bikes,Mountain Bikes,Mountain,Mid-range,Unisex
787,"Mountain-300 Black, 44",Bikes,Mountain Bikes,Mountain,Mid-range,Unisex
788,"Mountain-300 Black, 48",Bikes,Mountain Bikes,Mountain,Mid-range,Unisex
789,"Road-250 Red, 44",Bikes,Road Bikes,Road,High-end,Unisex
790,"Road-250 Red, 48",Bikes,Road Bikes,Road,High-end,Unisex
791,"Road-250 Red, 52",Bikes,Road Bikes,Road,High-end,Unisex
792,"Road-250 Red, 58",Bikes,Road Bikes,Road,High-end,Unisex
793,"Road-250 Black, 44",Bikes,Road Bikes,Road,High-end,Unisex
794,"Road-250 Black, 48",Bikes,Road Bikes,Road,High-end,Unisex
795,"Road-250 Black, 52",Bikes,Road Bikes,Road,High-end,Unisex
796,"Road-250 Black, 58",Bikes,Road Bikes,Road,High-end,Unisex
797,"Road-550-W Yellow, 38",Bikes,Road Bikes,Road,Mid-range,Women
798,"Road-550-W Yellow, 40",Bikes,Road Bikes,Road,Mid-range,Women
799,"Road-550-W Yellow, 42",Bikes,Road Bikes,Road,Mid-range,Women
800,"Road-550-W Yellow, 44",Bikes,Road Bikes,Road,Mid-range,Women
801,"Road-550-W Yellow, 48",Bikes,Road Bikes,Road,Mid-range,Women
881,"Short-Sleeve Classic Jersey, S",Clothing,Jerseys,Standard,Other,Unisex
882,"Short-Sleeve Classic Jersey, M",Clothing,Jerseys,Standard,Other,Unisex
883,"Short-Sleeve Classic Jersey, L",Clothing,Jerseys,Standard,Other,Unisex
884,"Short-Sleeve Classic Jersey, XL",Clothing,Jerseys,Standard,Other,Unisex
712,AWC Logo Cap,Clothing,Caps,Standard,Other,Unisex
713,"Long-Sleeve Logo Jersey, S",Clothing,Jerseys,Standard,Other,Unisex
714,"Long-Sleeve Logo Jersey, M",Clothing,Jerseys,Standard,Other,Unisex
715,"Long-Sleeve Logo Jersey, L",Clothing,Jerseys,Standard,Other,Unisex
716,"Long-Sleeve Logo Jersey, XL",Clothing,Jerseys,Standard,Other,Unisex
849,"Men's Sports Shorts, M",Clothing,Shorts,Standard,Other,Men
850,"Men's Sports Shorts, L",Clothing,Shorts,Standard,Other,Men
851,"Men's Sports Shorts, XL",Clothing,Shorts,Standard,Other,Men
852,"Women's Tights, S",Clothing,Tights,Standard,Other,Women
853,"Women's Tights, M",Clothing,Tights,Standard,Other,Women
854,"Women's Tights, L",Clothing,Tights,Standard,Other,Women
855,"Men's Bib-Shorts, S",Clothing,Bib-Shorts,Standard,Other,Men
856,"Men's Bib-Shorts, M",Clothing,Bib-Shorts,Standard,Other,Men
857,"Men's Bib-Shorts, L",Clothing,Bib-Shorts,Standard,Other,Men
858,"Half-Finger Gloves, S",Clothing,Gloves,Standard,Other,Unisex
859,"Half-Finger Gloves, M",Clothing,Gloves,Standard,Other,Unisex
860,"Half-Finger Gloves, L",Clothing,Gloves,Standard,Other,Unisex
861,"Full-Finger Gloves, S",Clothing,Gloves,Mountain,Other,Unisex
862,"Full-Finger Gloves, M",Clothing,Gloves,Mountain,Other,Unisex
863,"Full-Finger Gloves, L",Clothing,Gloves,Mountain,Other,Unisex
864,"Classic Vest, S",Clothing,Vests,Standard,Other,Unisex
865,"Classic Vest, M",Clothing,Vests,Standard,Other,Unisex
866,"Classic Vest, L",Clothing,Vests,Standard,Other,Unisex
867,"Women's Mountain Shorts, S",Clothing,Shorts,Mountain,Other,Women
868,"Women's Mountain Shorts, M",Clothing,Shorts,Mountain,Other,Women
869,"Women's Mountain Shorts, L",Clothing,Shorts,Mountain,Other,Women
874,"Racing Socks, M",Clothing,Socks,Road,Other,Unisex
875,"Racing Socks, L",Clothing,Socks,Road,Other,Unisex
709,"Mountain Bike Socks, M",Clothing,Socks,Mountain,Other,Unisex
710,"Mountain Bike Socks, L",Clothing,Socks,Mountain,Other,Unisex
841,"Men's Sports Shorts, S",Clothing,Shorts,Standard,Other,Men
680,"HL Road Frame - Black, 58",Components,Road Frames,Road,High-end,Unisex
706,"HL Road Frame - Red, 58",Components,Road Frames,Road,High-end,Unisex
924,"LL Mountain Frame - Black, 42",Components,Mountain Frames,Mountain,Low-end,Unisex
925,"LL Mountain Frame - Black, 44",Components,Mountain Frames,Mountain,Low-end,Unisex
926,"LL Mountain Frame - Black, 48",Components,Mountain Frames,Mountain,Low-end,Unisex
927,"LL Mountain Frame - Black, 52",Components,Mountain Frames,Mountain,Low-end,Unisex
935,LL Mountain Pedal,Components,Pedals,Mountain,Low-end,Unisex
936,ML Mountain Pedal,Components,Pedals,Mountain,Mid-range,Unisex
937,HL Mountain Pedal,Components,Pedals,Mountain,High-end,Unisex
938,LL Road Pedal,Components,Pedals,Road,Low-end,Unisex
939,ML Road Pedal,Components,Pedals,Road,Mid-range,Unisex
940,HL Road Pedal,Components,Pedals,Road,High-end,Unisex
941,Touring Pedal,Components,Pedals,Touring,Other,Unisex
942,"ML Mountain Frame-W - Silver, 38",Components,Mountain Frames,Mountain,Mid-range,Women
943,"LL Mountain Frame - Black, 40",Components,Mountain Frames,Mountain,Low-end,Unisex
944,"LL Mountain Frame - Silver, 40",Components,Mountain Frames,Mountain,Low-end,Unisex
945,Front Derailleur,Components,Derailleurs,Other,Other,Unisex
946,LL Touring Handlebars,Components,Handlebars,Touring,Low-end,Unisex
947,HL Touring Handlebars,Components,Handlebars,Touring,High-end,Unisex
948,Front Brakes,Components,Brakes,Other,Other,Unisex
949,LL Crankset,Components,Cranksets,Other,Low-end,Unisex
950,ML Crankset,Components,Cranksets,Other,Mid-range,Unisex
951,HL Crankset,Components,Cranksets,Other,High-end,Unisex
952,Chain,Components,Chains,Other,Other,Unisex
994,LL Bottom Bracket,Components,Bottom Brackets,Other,Low-end,Unisex
995,ML Bottom Bracket,Components,Bottom Brackets,Other,Mid-range,Unisex
996,HL Bottom Bracket,Components,Bottom Brackets,Other,High-end,Unisex
717,"HL Road Frame - Red, 62",Components,Road Frames,Road,High-end,Unisex
718,"HL Road Frame - Red, 44",Components,Road Frames,Road,High-end,Unisex
719,"HL Road Frame - Red, 48",Components,Road Frames,Road,High-end,Unisex
720,"HL Road Frame - Red, 52",Components,Road Frames,Road,High-end,Unisex
721,"HL Road Frame - Red, 56",Components,Road Frames,Road,High-end,Unisex
722,"LL Road Frame - Black, 58",Components,Road Frames,Road,Low-end,Unisex
723,"LL Road Frame - Black, 60",Components,Road Frames,Road,Low-end,Unisex
724,"LL Road Frame - Black, 62",Components,Road Frames,Road,Low-end,Unisex
725,"LL Road Frame - Red, 44",Components,Road Frames,Road,Low-end,Unisex
726,"LL Road Frame - Red, 48",Components,Road Frames,Road,Low-end,Unisex
727,"LL Road Frame - Red, 52",Components,Road Frames,Road,Low-end,Unisex
728,"LL Road Frame - Red, 58",Components,Road Frames,Road,Low-end,Unisex
729,"LL Road Frame - Red, 60",Components,Road Frames,Road,Low-end,Unisex
730,"LL Road Frame - Red, 62",Components,Road Frames,Road,Low-end,Unisex
731,"ML Road Frame - Red, 44",Components,Road Frames,Road,Mid-range,Unisex
732,"ML Road Frame - Red, 48",Components,Road Frames,Road,Mid-range,Unisex
733,"ML Road Frame - Red, 52",Components,Road Frames,Road,Mid-range,Unisex
734,"ML Road Frame - Red, 58",Components,Road Frames,Road,Mid-range,Unisex
735,"ML Road Frame - Red, 60",Components,Road Frames,Road,Mid-range,Unisex
736,"LL Road Frame - Black, 44",Components,Road Frames,Road,Low-end,Unisex
737,"LL Road Frame - Black, 48",Components,Road Frames,Road,Low-end,Unisex
738,"LL Road Frame - Black, 52",Components,Road Frames,Road,Low-end,Unisex
739,"HL Mountain Frame - Silver, 42",Components,Mountain Frames,Mountain,High-end,Unisex
740,"HL Mountain Frame - Silver, 44",Components,Mountain Frames,Mountain,High-end,Unisex
741,"HL Mountain Frame - Silver, 48",Components,Mountain Frames,Mountain,High-end,Unisex
742,"HL Mountain Frame - Silver, 46",Components,Mountain Frames,Mountain,High-end,Unisex
743,"HL Mountain Frame - Black, 42",Components,Mountain Frames,Mountain,High-end,Unisex
744,"HL Mountain Frame - Black, 44",Components,Mountain Frames,Mountain,High-end,Unisex
745,"HL Mountain Frame - Black, 48",Components,Mountain Frames,Mountain,High-end,Unisex
746,"HL Mountain Frame - Black, 46",Components,Mountain Frames,Mountain,High-end,Unisex
747,"HL Mountain Frame - Black, 38",Components,Mountain Frames,Mountain,High-end,Unisex
748,"HL Mountain Frame - Silver, 38",Components,Mountain Frames,Mountain,High-end,Unisex
885,"HL Touring Frame - Yellow, 60",Components,Touring Frames,Touring,High-end,Unisex
886,"LL Touring Frame - Yellow, 62",Components,Touring Frames,Touring,Low-end,Unisex
887,"HL Touring Frame - Yellow, 46",Components,Touring Frames,Touring,High-end,Unisex
888,"HL Touring Frame - Yellow, 50",Components,Touring Frames,Touring,High-end,Unisex
889,"HL Touring Frame - Yellow, 54",Components,Touring Frames,Touring,High-end,Unisex
890,"HL Touring Frame - Blue, 46",Components,Touring Frames,Touring,High-end,Unisex
891,"HL Touring Frame - Blue, 50",Components,Touring Frames,Touring,High-end,Unisex
892,"HL Touring Frame - Blue, 54",Components,Touring Frames,Touring,High-end,Unisex
893,"HL Touring Frame - Blue, 60",Components,Touring Frames,Touring,High-end,Unisex
894,Rear Derailleur,Components,Derailleurs,Other,Other,Unisex
895,"LL Touring Frame - Blue, 50",Components,Touring Frames,Touring,Low-end,Unisex
896,"LL Touring Frame - Blue, 54",Components,Touring Frames,Touring,Low-end,Unisex
897,"LL Touring Frame - Blue, 58",Components,Touring Frames,Touring,Low-end,Unisex
898,"LL Touring Frame - Blue, 62",Components,Touring Frames,Touring,Low-end,Unisex
899,"LL Touring Frame - Yellow, 44",Components,Touring Frames,Touring,Low-end,Unisex
900,"LL Touring Frame - Yellow, 50",Components,Touring Frames,Touring,Low-end,Unisex
901,"LL Touring Frame - Yellow, 54",Components,Touring Frames,Touring,Low-end,Unisex
902,"LL Touring Frame - Yellow, 58",Components,Touring Frames,Touring,Low-end,Unisex
903,"LL Touring Frame - Blue, 44",Components,Touring Frames,Touring,Low-end,Unisex
904,"ML Mountain Frame-W - Silver, 40",Components,Mountain Frames,Mountain,Mid-range,Women
905,"ML Mountain Frame-W - Silver, 42",Components,Mountain Frames,Mountain,Mid-range,Women
906,"ML Mountain Frame-W - Silver, 46",Components,Mountain Frames,Mountain,Mid-range,Women
907,Rear Brakes,Components,Brakes,Other,Other,Unisex
908,LL Mountain Seat/Saddle,Components,Saddles,Mountain,Low-end,Unisex
909,ML Mountain Seat/Saddle,Components,Saddles,Mountain,Mid-range,Unisex
910,HL Mountain Seat/Saddle,Components,Saddles,Mountain,High-end,Unisex
911,LL Road Seat/Saddle,Components,Saddles,Road,Low-end,Unisex
912,ML Road Seat/Saddle,Components,Saddles,Touring,Mid-range,Unisex
913,HL Road Seat/Saddle,Components,Saddles,Road,High-end,Unisex
914,LL Touring Seat/Saddle,Components,Saddles,Touring,Low-end,Unisex
915,ML Touring Seat/Saddle,Components,Saddles,Touring,Mid-range,Unisex
916,HL Touring Seat/Saddle,Components,Saddles,Touring,High-end,Unisex
917,"LL Mountain Frame - Silver, 42",Components,Mountain Frames,Mountain,Low-end,Unisex
918,"LL Mountain Frame - Silver, 44",Components,Mountain Frames,Mountain,Low-end,Unisex
919,"LL Mountain Frame - Silver, 48",Components,Mountain Frames,Mountain,Low-end,Unisex
920,"LL Mountain Frame - Silver, 52",Components,Mountain Frames,Mountain,Low-end,Unisex
802,LL Fork,Components,Forks,Other,Low-end,Unisex
803,ML Fork,Components,Forks,Other,Mid-range,Unisex
804,HL Fork,Components,Forks,Other,High-end,Unisex
805,LL Headset,Components,Headsets,Other,Low-end,Unisex
806,ML Headset,Components,Headsets,Other,Mid-range,Unisex
807,HL Headset,Components,Headsets,Other,High-end,Unisex
808,LL Mountain Handlebars,Components,Handlebars,Mountain,Low-end,Unisex
809,ML Mountain Handlebars,Components,Handlebars,Mountain,Mid-range,Unisex
810,HL Mountain Handlebars,Components,Handlebars,Mountain,High-end,Unisex
811,LL Road Handlebars,Components,Handlebars,Road,Low-end,Unisex
812,ML Road Handlebars,Components,Handlebars,Road,Mid-range,Unisex
813,HL Road Handlebars,Components,Handlebars,Road,High-end,Unisex
814,"ML Mountain Frame - Black, 38",Components,Mountain Frames,Mountain,Mid-range,Unisex
815,LL Mountain Front Wheel,Components,Wheels,Mountain,Low-end,Unisex
816,ML Mountain Front Wheel,Components,Wheels,Mountain,Mid-range,Unisex
817,HL Mountain Front Wheel,Components,Wheels,Mountain,High-end,Unisex
818,LL Road Front Wheel,Components,Wheels,Road,Low-end,Unisex
819,ML Road Front Wheel,Components,Wheels,Road,Mid-range,Unisex
820,HL Road Front Wheel,Components,Wheels,Road,High-end,Unisex
821,Touring Front Wheel,Components,Wheels,Touring,Other,Unisex
822,"ML Road Frame-W - Yellow, 38",Components,Road Frames,Road,Mid-range,Women
823,LL Mountain Rear Wheel,Components,Wheels,Mountain,Low-end,Unisex
824,ML Mountain Rear Wheel,Components,Wheels,Mountain,Mid-range,Unisex
825,HL Mountain Rear Wheel,Components,Wheels,Mountain,High-end,Unisex
826,LL Road Rear Wheel,Components,Wheels,Road,Low-end,Unisex
827,ML Road Rear Wheel,Components,Wheels,Road,Mid-range,Unisex
828,HL Road Rear Wheel,Components,Wheels,Road,High-end,Unisex
829,Touring Rear Wheel,Components,Wheels,Touring,Other,Unisex
830,"ML Mountain Frame - Black, 40",Components,Mountain Frames,Mountain,Mid-range,Unisex
831,"ML Mountain Frame - Black, 44",Components,Mountain Frames,Mountain,Mid-range,Unisex
832,"ML Mountain Frame - Black, 48",Components,Mountain Frames,Mountain,Mid-range,Unisex
833,"ML Road Frame-W - Yellow, 40",Components,Road Frames,Road,Mid-range,Women
834,"ML Road Frame-W - Yellow, 42",Components,Road Frames,Road,Mid-range,Women
835,"ML Road Frame-W - Yellow, 44",Components,Road Frames,Road,Mid-range,Women
836,"ML Road Frame-W - Yellow, 48",Components,Road Frames,Road,Mid-range,Women
837,"HL Road Frame - Black, 62",Components,Road Frames,Road,High-end,Unisex
838,"HL Road Frame - Black, 44",Components,Road Frames,Road,High-end,Unisex
839,"HL Road Frame - Black, 48",Components,Road Frames,Road,High-end,Unisex
840,"HL Road Frame - Black, 52",Components,Road Frames,Road,High-end,Unisex
1,Adjustable Race,Other,Other,Other,Other,Unisex
2,Bearing Ball,Other,Other,Other,Other,Unisex
3,BB Ball Bearing,Other,Other,Other,Other,Unisex
4,Headset Ball Bearings,Other,Other,Other,Other,Unisex
316,Blade,Other,Other,Other,Other,Unisex
317,LL Crankarm,Other,Other,Other,Low-end,Unisex
318,ML Crankarm,Other,Other,Other,Mid-range,Unisex
319,HL Crankarm,Other,Other,Other,Other,Unisex
320,Chainring Bolts,Other,Other,Other,Other,Unisex
321,Chainring Nut,Other,Other,Other,Other,Unisex
322,Chainring,Other,Other,Other,Other,Unisex
323,Crown Race,Other,Other,Other,Other,Unisex
324,Chain Stays,Other,Other,Other,Other,Unisex
325,Decal 1,Other,Other,Other,Other,Unisex
326,Decal 2,Other,Other,Other,Other,Unisex
327,Down Tube,Other,Other,Other,Other,Unisex
328,Mountain End Caps,Other,Other,Other,Other,Unisex
329,Road End Caps,Other,Other,Other,Other,Unisex
330,Touring End Caps,Other,Other,Other,Other,Unisex
331,Fork End,Other,Other,Other,Other,Unisex
332,Freewheel,Other,Other,Other,Other,Unisex
341,Flat Washer 1,Other,Other,Other,Other,Unisex
342,Flat Washer 6,Other,Other,Other,Other,Unisex
343,Flat Washer 2,Other,Other,Other,Other,Unisex
344,Flat Washer 9,Other,Other,Other,Other,Unisex
345,Flat Washer 4,Other,Other,Other,Other,Unisex
346,Flat Washer 3,Other,Other,Other,Other,Unisex
347,Flat Washer 8,Other,Other,Other,Other,Unisex
348,Flat Washer 5,Other,Other,Other,Other,Unisex
349,Flat Washer 7,Other,Other,Other,Other,Unisex
350,Fork Crown,Other,Other,Other,Other,Unisex
351,Front Derailleur Cage,Other,Other,Other,Other,Unisex
352,Front Derailleur Linkage,Other,Other,Other,Other,Unisex
355,Guide Pulley,Other,Other,Other,Other,Unisex
356,LL Grip Tape,Other,Other,Other,Low-end,Unisex
357,ML Grip Tape,Other,Other,Other,Mid-range,Unisex
358,HL Grip Tape,Other,Other,Other,Other,Unisex
359,Thin-Jam Hex Nut 9,Other,Other,Other,Other,Unisex
360,Thin-Jam Hex Nut 10,Other,Other,Other,Other,Unisex
361,Thin-Jam Hex Nut 1,Other,Other,Other,Other,Unisex
362,Thin-Jam Hex Nut 2,Other,Other,Other,Other,Unisex
363,Thin-Jam Hex Nut 15,Other,Other,Other,Other,Unisex
364,Thin-Jam Hex Nut 16,Other,Other,Other,Other,Unisex
365,Thin-Jam Hex Nut 5,Other,Other,Other,Other,Unisex
366,Thin-Jam Hex Nut 6,Other,Other,Other,Other,Unisex
367,Thin-Jam Hex Nut 3,Other,Other,Other,Other,Unisex
368,Thin-Jam Hex Nut 4,Other,Other,Other,Other,Unisex
369,Thin-Jam Hex Nut 13,Other,Other,Other,Other,Unisex
370,Thin-Jam Hex Nut 14,Other,Other,Other,Other,Unisex
371,Thin-Jam Hex Nut 7,Other,Other,Other,Other,Unisex
372,Thin-Jam Hex Nut 8,Other,Other,Other,Other,Unisex
373,Thin-Jam Hex Nut 12,Other,Other,Other,Other,Unisex
374,Thin-Jam Hex Nut 11,Other,Other,Other,Other,Unisex
375,Hex Nut 5,Other,Other,Other,Other,Unisex
376,Hex Nut 6,Other,Other,Other,Other,Unisex
377,Hex Nut 16,Other,Other,Other,Other,Unisex
378,Hex Nut 17,Other,Other,Other,Other,Unisex
379,Hex Nut 7,Other,Other,Other,Other,Unisex
380,Hex Nut 8,Other,Other,Other,Other,Unisex
381,Hex Nut 9,Other,Other,Other,Other,Unisex
382,Hex Nut 22,Other,Other,Other,Other,Unisex
383,Hex Nut 23,Other,Other,Other,Other,Unisex
384,Hex Nut 12,Other,Other,Other,Other,Unisex
385,Hex Nut 13,Other,Other,Other,Other,Unisex
386,Hex Nut 1,Other,Other,Other,Other,Unisex
387,Hex Nut 10,Other,Other,Other,Other,Unisex
388,Hex Nut 11,Other,Other,Other,Other,Unisex
389,Hex Nut 2,Other,Other,Other,Other,Unisex
390,Hex Nut 20,Other,Other,Other,Other,Unisex
391,Hex Nut 21,Other,Other,Other,Other,Unisex
392,Hex Nut 3,Other,Other,Other,Other,Unisex
393,Hex Nut 14,Other,Other,Other,Other,Unisex
394,Hex Nut 15,Other,Other,Other,Other,Unisex
395,Hex Nut 4,Other,Other,Other,Other,Unisex
396,Hex Nut 18,Other,Other,Other,Other,Unisex
397,Hex Nut 19,Other,Other,Other,Other,Unisex
398,Handlebar Tube,Other,Other,Other,Other,Unisex
399,Head Tube,Other,Other,Other,Other,Unisex
400,LL Hub,Other,Other,Other,Low-end,Unisex
401,HL Hub,Other,Other,Other,Other,Unisex
402,Keyed Washer,Other,Other,Other,Other,Unisex
403,External Lock Washer 3,Other,Other,Other,Other,Unisex
404,External Lock Washer 4,Other,Other,Other,Other,Unisex
405,External Lock Washer 9,Other,Other,Other,Other,Unisex
406,External Lock Washer 5,Other,Other,Other,Other,Unisex
407,External Lock Washer 7,Other,Other,Other,Other,Unisex
408,External Lock Washer 6,Other,Other,Other,Other,Unisex
409,External Lock Washer 1,Other,Other,Other,Other,Unisex
410,External Lock Washer 8,Other,Other,Other,Other,Unisex
411,External Lock Washer 2,Other,Other,Other,Other,Unisex
412,Internal Lock Washer 3,Other,Other,Other,Other,Unisex
413,Internal Lock Washer 4,Other,Other,Other,Other,Unisex
414,Internal Lock Washer 9,Other,Other,Other,Other,Unisex
415,Internal Lock Washer 5,Other,Other,Other,Other,Unisex
416,Internal Lock Washer 7,Other,Other,Other,Other,Unisex
417,Internal Lock Washer 6,Other,Other,Other,Other,Unisex
418,Internal Lock Washer 10,Other,Other,Other,Other,Unisex
419,Internal Lock Washer 1,Other,Other,Other,Other,Unisex
420,Internal Lock Washer 8,Other,Other,Other,Other,Unisex
421,Internal Lock Washer 2,Other,Other,Other,Other,Unisex
422,Thin-Jam Lock Nut 9,Other,Other,Other,Other,Unisex
423,Thin-Jam Lock Nut 10,Other,Other,Other,Other,Unisex
424,Thin-Jam Lock Nut 1,Other,Other,Other,Other,Unisex
425,Thin-Jam Lock Nut 2,Other,Other,Other,Other,Unisex
426,Thin-Jam Lock Nut 15,Other,Other,Other,Other,Unisex
427,Thin-Jam Lock Nut 16,Other,Other,Other,Other,Unisex
428,Thin-Jam Lock Nut 5,Other,Other,Other,Other,Unisex
429,Thin-Jam Lock Nut 6,Other,Other,Other,Other,Unisex
430,Thin-Jam Lock Nut 3,Other,Other,Other,Other,Unisex
431,Thin-Jam Lock Nut 4,Other,Other,Other,Other,Unisex
432,Thin-Jam Lock Nut 13,Other,Other,Other,Other,Unisex
433,Thin-Jam Lock Nut 14,Other,Other,Other,Other,Unisex
434,Thin-Jam Lock Nut 7,Other,Other,Other,Other,Unisex
435,Thin-Jam Lock Nut 8,Other,Other,Other,Other,Unisex
436,Thin-Jam Lock Nut 12,Other,Other,Other,Other,Unisex
437,Thin-Jam Lock Nut 11,Other,Other,Other,Other,Unisex
438,Lock Nut 5,Other,Other,Other,Other,Unisex
439,Lock Nut 6,Other,Other,Other,Other,Unisex
440,Lock Nut 16,Other,Other,Other,Other,Unisex
441,Lock Nut 17,Other,Other,Other,Other,Unisex
442,Lock Nut 7,Other,Other,Other,Other,Unisex
443,Lock Nut 8,Other,Other,Other,Other,Unisex
444,Lock Nut 9,Other,Other,Other,Other,Unisex
445,Lock Nut 22,Other,Other,Other,Other,Unisex
446,Lock Nut 23,Other,Other,Other,Other,Unisex
447,Lock Nut 12,Other,Other,Other,Other,Unisex
448,Lock Nut 13,Other,Other,Other,Other,Unisex
449,Lock Nut 1,Other,Other,Other,Other,Unisex
450,Lock Nut 10,Other,Other,Other,Other,Unisex
451,Lock Nut 11,Other,Other,Other,Other,Unisex
452,Lock Nut 2,Other,Other,Other,Other,Unisex
453,Lock Nut 20,Other,Other,Other,Other,Unisex
454,Lock Nut 21,Other,Other,Other,Other,Unisex
455,Lock Nut 3,Other,Other,Other,Other,Unisex
456,Lock Nut 14,Other,Other,Other,Other,Unisex
457,Lock Nut 15,Other,Other,Other,Other,Unisex
458,Lock Nut 4,Other,Other,Other,Other,Unisex
459,Lock Nut 19,Other,Other,Other,Other,Unisex
460,Lock Nut 18,Other,Other,Other,Other,Unisex
461,Lock Ring,Other,Other,Other,Other,Unisex
462,Lower Head Race,Other,Other,Other,Other,Unisex
463,Lock Washer 4,Other,Other,Other,Other,Unisex
464,Lock Washer 5,Other,Other,Other,Other,Unisex
465,Lock Washer 10,Other,Other,Other,Other,Unisex
466,Lock Washer 6,Other,Other,Other,Other,Unisex
467,Lock Washer 13,Other,Other,Other,Other,Unisex
468,Lock Washer 8,Other,Other,Other,Other,Unisex
469,Lock Washer 1,Other,Other,Other,Other,Unisex
470,Lock Washer 7,Other,Other,Other,Other,Unisex
471,Lock Washer 12,Other,Other,Other,Other,Unisex
472,Lock Washer 2,Other,Other,Other,Other,Unisex
473,Lock Washer 9,Other,Other,Other,Other,Unisex
474,Lock Washer 3,Other,Other,Other,Other,Unisex
475,Lock Washer 11,Other,Other,Other,Other,Unisex
476,Metal Angle,Other,Other,Other,Other,Unisex
477,Metal Bar 1,Other,Other,Other,Other,Unisex
478,Metal Bar 2,Other,Other,Other,Other,Unisex
479,Metal Plate 2,Other,Other,Other,Other,Unisex
480,Metal Plate 1,Other,Other,Other,Other,Unisex
481,Metal Plate 3,Other,Other,Other,Other,Unisex
482,Metal Sheet 2,Other,Other,Other,Other,Unisex
483,Metal Sheet 3,Other,Other,Other,Other,Unisex
484,Metal Sheet 7,Other,Other,Other,Other,Unisex
485,Metal Sheet 4,Other,Other,Other,Other,Unisex
486,Metal Sheet 5,Other,Other,Other,Other,Unisex
487,Metal Sheet 6,Other,Other,Other,Other,Unisex
488,Metal Sheet 1,Other,Other,Other,Other,Unisex
489,Metal Tread Plate,Other,Other,Other,Other,Unisex
490,LL Nipple,Other,Other,Other,Low-end,Unisex
491,HL Nipple,Other,Other,Other,Other,Unisex
492,Paint - Black,Other,Other,Other,Other,Unisex
493,Paint - Red,Other,Other,Other,Other,Unisex
494,Paint - Silver,Other,Other,Other,Other,Unisex
495,Paint - Blue,Other,Other,Other,Other,Unisex
496,Paint - Yellow,Other,Other,Other,Other,Unisex
497,Pinch Bolt,Other,Other,Other,Other,Unisex
504,Cup-Shaped Race,Other,Other,Other,Other,Unisex
505,Cone-Shaped Race,Other,Other,Other,Other,Unisex
506,Reflector,Other,Other,Other,Other,Unisex
507,LL Mountain Rim,Other,Other,Other,Low-end,Unisex
508,ML Mountain Rim,Other,Other,Other,Mid-range,Unisex
509,HL Mountain Rim,Other,Other,Other,Other,Unisex
510,LL Road Rim,Other,Other,Other,Low-end,Unisex
511,ML Road Rim,Other,Other,Other,Mid-range,Unisex
512,HL Road Rim,Other,Other,Other,Other,Unisex
513,Touring Rim,Other,Other,Other,Other,Unisex
514,LL Mountain Seat Assembly,Other,Other,Other,Low-end,Unisex
515,ML Mountain Seat Assembly,Other,Other,Other,Mid-range,Unisex
516,HL Mountain Seat Assembly,Other,Other,Other,Other,Unisex
517,LL Road Seat Assembly,Other,Other,Other,Low-end,Unisex
518,ML Road Seat Assembly,Other,Other,Other,Mid-range,Unisex
519,HL Road Seat Assembly,Other,Other,Other,Other,Unisex
520,LL Touring Seat Assembly,Other,Other,Other,Low-end,Unisex
521,ML Touring Seat Assembly,Other,Other,Other,Mid-range,Unisex
522,HL Touring Seat Assembly,Other,Other,Other,Other,Unisex
523,LL Spindle/Axle,Other,Other,Other,Low-end,Unisex
524,HL Spindle/Axle,Other,Other,Other,Other,Unisex
525,LL Shell,Other,Other,Other,Low-end,Unisex
526,HL Shell,Other,Other,Other,Other,Unisex
527,Spokes,Other,Other,Other,Other,Unisex
528,Seat Lug,Other,Other,Other,Other,Unisex
529,Stem,Other,Other,Other,Other,Unisex
530,Seat Post,Other,Other,Other,Other,Unisex
531,Steerer,Other,Other,Other,Other,Unisex
532,Seat Stays,Other,Other,Other,Other,Unisex
533,Seat Tube,Other,Other,Other,Other,Unisex
534,Top Tube,Other,Other,Other,Other,Unisex
535,Tension Pulley,Other,Other,Other,Other,Unisex
679,Rear Derailleur Cage,Other,Other,Other,Other,Unisex
